{
  "day": 4,
  "dir": "exercises/2022/04-campCleanup",
  "implementations": {
    "Golang": {
      "part.1.avg": 0.0016364716999999985,
      "part.1.max": 0.005882,
      "part.1.min": 0.0009298,
      "part.2.avg": 0.0016163032999999974,
      "part.2.max": 0.006306,
      "part.2.min": 0.0009286
    },
    "Python": {
      "part.1.avg": 0.0026555936336517334,
      "part.1.max": 0.01214599609375,
      "part.1.min": 0.001743316650390625,
      "part.2.avg": 0.0026377325057983397,
      "part.2.max": 0.011651754379272461,
      "part.2.min": 0.0017490386962890625
    }
  },
  "numRuns": 1000
}