{
  "day": 1,
  "dir": "exercises/2022/01-calorieCounting",
  "implementations": {
    "Golang": {
      "part.1.avg": 0.00011526790000000014,
      "part.1.max": 0.0010922,
      "part.1.min": 0.0000536,
      "part.2.avg": 0.0001124047,
      "part.2.max": 0.0006598,
      "part.2.min": 0.0000533
    }
  },
  "numRuns": 1000
}