{
  "day": 1,
  "dir": "exercises/2022/01-calorieCounting",
  "implementations": {
    "Golang": {
      "part.1.avg": 0.00010721779999999996,
      "part.1.max": 0.0014224,
      "part.1.min": 0.0000535,
      "part.2.avg": 0.00010567490000000003,
      "part.2.max": 0.0011179,
      "part.2.min": 0.0000529
    },
    "Python": {
      "part.1.avg": 0.0005809595584869385,
      "part.1.max": 0.0028557777404785156,
      "part.1.min": 0.00029587745666503906,
      "part.2.avg": 0.0005790004730224609,
      "part.2.max": 0.0031385421752929688,
      "part.2.min": 0.0002999305725097656
    }
  },
  "numRuns": 1000
}