{
  "day": 1,
  "dir": "exercises/2021/01-sonarSweep",
  "implementations": {
    "Golang": {
      "part.1.avg": 0.0000844987,
      "part.1.max": 0.00067,
      "part.1.min": 0.0000394,
      "part.2.avg": 0.00009989009999999999,
      "part.2.max": 0.0016655,
      "part.2.min": 0.0000456
    },
    "Python": {
      "part.1.avg": 0.0006350016593933105,
      "part.1.max": 0.0024573802947998047,
      "part.1.min": 0.0003046989440917969,
      "part.2.avg": 0.0011491079330444335,
      "part.2.max": 0.003962993621826172,
      "part.2.min": 0.0005519390106201172
    }
  },
  "numRuns": 1000
}