{
  "day": 12,
  "dir": "exercises/2022/12-hillClimbingAlgorithm",
  "implementations": {
    "Golang": {
      "part.1.avg": 0.015779824600000023,
      "part.1.max": 0.0487599,
      "part.1.min": 0.0125309,
      "part.2.avg": 3.129620996000001,
      "part.2.max": 3.7432509,
      "part.2.min": 2.9781958
    }
  },
  "numRuns": 1000
}