{
  "day": 1,
  "dir": "exercises/2018/01-chronalCalibration",
  "implementations": {
    "Golang": {
      "part.1.avg": 0.00002340259999999998,
      "part.1.max": 0.0001365,
      "part.1.min": 0.0000189,
      "part.2.avg": 0.015205715200000011,
      "part.2.max": 0.054004,
      "part.2.min": 0.012094
    }
  },
  "numRuns": 1000
}