{
  "day": 1,
  "dir": "exercises/2019/01-theTyrannyOfTheRocketEquation",
  "implementations": {
    "Golang": {
      "part.1.avg": 0.000007987799999999997,
      "part.1.max": 0.0002107,
      "part.1.min": 0.0000024,
      "part.2.avg": 0.000013344300000000016,
      "part.2.max": 0.0002462,
      "part.2.min": 0.0000042
    },
    "Python": {
      "part.1.avg": 0.000054709672927856444,
      "part.1.max": 0.00023555755615234375,
      "part.1.min": 0.000023126602172851562,
      "part.2.avg": 0.00024209642410278321,
      "part.2.max": 0.001130819320678711,
      "part.2.min": 0.00011157989501953125
    }
  },
  "numRuns": 1000
}