{
  "day": 1,
  "dir": "exercises/2016/01-noTimeForATaxicab",
  "implementations": {
    "Golang": {
      "part.1.avg": 0.000018775099999999996,
      "part.1.max": 0.0002733,
      "part.1.min": 0.0000067,
      "part.2.avg": 0.0002827103000000001,
      "part.2.max": 0.0030261,
      "part.2.min": 0.0001218
    }
  },
  "numRuns": 1000
}