{
  "day": 1,
  "dir": "exercises/2015/01-notQuiteLisp",
  "implementations": {
    "Golang": {
      "part.1.avg": 0.0000018,
      "part.1.max": 0.0000159,
      "part.1.min": 9e-7,
      "part.2.avg": 0.000008730000000000001,
      "part.2.max": 0.0000229,
      "part.2.min": 0.0000063
    },
    "Python": {
      "part.1.avg": 0.00008839766184488932,
      "part.1.max": 0.00031375885009765625,
      "part.1.min": 0.000042438507080078125,
      "part.2.avg": 0.0002435763676961263,
      "part.2.max": 0.0009009838104248047,
      "part.2.min": 0.0001227855682373047
    }
  },
  "numRuns": 30
}