{
  "day": 5,
  "dir": "exercises/2022/05-supplyStacks",
  "implementations": {
    "Golang": {
      "part.1.avg": 0.0012862481999999986,
      "part.1.max": 0.0048593,
      "part.1.min": 0.0005475,
      "part.2.avg": 0.001270623,
      "part.2.max": 0.0048531,
      "part.2.min": 0.0005468
    },
    "Python": {
      "part.1.avg": 0.006727974653244018,
      "part.1.max": 0.03531646728515625,
      "part.1.min": 0.005518674850463867,
      "part.2.avg": 0.006619906902313232,
      "part.2.max": 0.027574539184570312,
      "part.2.min": 0.005520343780517578
    }
  },
  "numRuns": 1000
}