{
  "day": 18,
  "dir": "exercises/2022/18-boilingBoulders",
  "implementations": {
    "Golang": {
      "part.1.avg": 0.0033597630000000004,
      "part.1.max": 0.0160399,
      "part.1.min": 0.0026101,
      "part.2.avg": 0.8030948769999996,
      "part.2.max": 1.0158727,
      "part.2.min": 0.782274
    },
    "Python": {
      "part.1.avg": 0.008482487201690673,
      "part.1.max": 0.03671908378601074,
      "part.1.min": 0.005672931671142578,
      "part.2.avg": 3.7826379346847534,
      "part.2.max": 4.436631917953491,
      "part.2.min": 3.708022356033325
    }
  },
  "numRuns": 100
}