{
  "day": 3,
  "dir": "exercises/2022/03-rucksackReorganization",
  "implementations": {
    "Golang": {
      "part.1.avg": 0.0004812385000000002,
      "part.1.max": 0.001841,
      "part.1.min": 0.0002553,
      "part.2.avg": 0.00039565689999999996,
      "part.2.max": 0.002665,
      "part.2.min": 0.0002066
    },
    "Python": {
      "part.1.avg": 0.0006927545070648193,
      "part.1.max": 0.0023348331451416016,
      "part.1.min": 0.00031256675720214844,
      "part.2.avg": 0.0004295392036437988,
      "part.2.max": 0.0014538764953613281,
      "part.2.min": 0.0001919269561767578
    }
  },
  "numRuns": 1000
}