{
  "day": 19,
  "dir": "exercises/2022/19-notEnoughMinerals",
  "implementations": {
    "Golang": {
      "part.1.avg": 3.0776696899999996,
      "part.1.max": 3.4879593,
      "part.1.min": 2.7778905,
      "part.2.avg": 38.95801739,
      "part.2.max": 42.7673102,
      "part.2.min": 37.2394209
    }
  },
  "numRuns": 10
}