{
  "day": 22,
  "dir": "exercises/2022/22-monkeyMap",
  "implementations": {
    "Golang": {
      "part.1.avg": 0.005959839999999998,
      "part.1.max": 0.0181634,
      "part.1.min": 0.0032351,
      "part.2.avg": 0.6502551033333333,
      "part.2.max": 0.9986246,
      "part.2.min": 0.5263217
    }
  },
  "numRuns": 30
}