{
  "day": 1,
  "dir": "exercises/2017/01-inverseCaptcha",
  "implementations": {
    "Golang": {
      "part.1.avg": 0.0070661634,
      "part.1.max": 0.0294411,
      "part.1.min": 0.0055897,
      "part.2.avg": 0.015203951800000002,
      "part.2.max": 0.0452563,
      "part.2.min": 0.0133721
    }
  },
  "numRuns": 1000
}