{
  "day": 8,
  "dir": "exercises/2022/08-treetopTreeHouse",
  "implementations": {
    "Golang": {
      "part.1.avg": 0.05160498619999998,
      "part.1.max": 0.1014294,
      "part.1.min": 0.0462149,
      "part.2.avg": 0.0006352259999999995,
      "part.2.max": 0.003559,
      "part.2.min": 0.0005254
    }
  },
  "numRuns": 1000
}