{
  "day": 1,
  "dir": "exercises/2020/01-reportRepair",
  "implementations": {
    "Golang": {
      "part.1.avg": 0.000023160400000000003,
      "part.1.max": 0.0005285,
      "part.1.min": 0.0000072,
      "part.2.avg": 0.00015558430000000003,
      "part.2.max": 0.0094683,
      "part.2.min": 0.0000573
    }
  },
  "numRuns": 1000
}