{
  "day": 20,
  "dir": "exercises/2022/20-grovePositioningSystem",
  "implementations": {
    "Golang": {
      "part.1.avg": 0.11938777559999995,
      "part.1.max": 0.2111178,
      "part.1.min": 0.1092641,
      "part.2.avg": 1.5141043976000002,
      "part.2.max": 2.2369776,
      "part.2.min": 1.3629389
    }
  },
  "numRuns": 250
}