{
  "day": 21,
  "dir": "exercises/2022/21-monkeyMath",
  "implementations": {
    "Golang": {
      "part.1.avg": 0.001040723000000001,
      "part.1.max": 0.0037243,
      "part.1.min": 0.0005395,
      "part.2.avg": 0.0037165032999999918,
      "part.2.max": 0.0125111,
      "part.2.min": 0.0018106
    },
    "Python": {
      "part.1.avg": 0.0018950748443603517,
      "part.1.max": 0.00900411605834961,
      "part.1.min": 0.0013751983642578125,
      "part.2.avg": 0.003126345872879028,
      "part.2.max": 0.012225627899169922,
      "part.2.min": 0.0023102760314941406
    }
  },
  "numRuns": 1000
}