{
  "day": 8,
  "dir": "exercises/2015/08-matchsticks",
  "implementations": {
    "Golang": {
      "part.1.avg": 0.0004889166666666667,
      "part.1.max": 0.0059265,
      "part.1.min": 0.0001121,
      "part.2.avg": 0.00013563,
      "part.2.max": 0.000536,
      "part.2.min": 0.0000841
    },
    "Python": {
      "part.1.avg": 0.0008133570353190104,
      "part.1.max": 0.0010652542114257812,
      "part.1.min": 0.0006926059722900391,
      "part.2.avg": 0.000929109255472819,
      "part.2.max": 0.0013339519500732422,
      "part.2.min": 0.0007910728454589844
    }
  },
  "numRuns": 30
}