{
  "day": 7,
  "dir": "exercises/2015/07-someAssemblyRequired",
  "implementations": {
    "Golang": {
      "part.1.avg": 0.00017872000000000002,
      "part.1.max": 0.0003969,
      "part.1.min": 0.0001412,
      "part.2.avg": 0.00022142333333333326,
      "part.2.max": 0.0013777,
      "part.2.min": 0.000142
    },
    "Python": {
      "part.1.avg": 0.0022539218266805013,
      "part.1.max": 0.0041751861572265625,
      "part.1.min": 0.0017466545104980469,
      "part.2.avg": 0.0021832942962646484,
      "part.2.max": 0.0036411285400390625,
      "part.2.min": 0.0017385482788085938
    }
  },
  "numRuns": 30
}