{
  "day": 25,
  "dir": "exercises/2022/25-fullOfHotAir",
  "implementations": {
    "Golang": {
      "part.1.avg": 0.00005950599999999998,
      "part.1.max": 0.0005571,
      "part.1.min": 0.0000266,
      "part.2.avg": 0,
      "part.2.max": 0,
      "part.2.min": 0
    }
  },
  "numRuns": 1000
}